Adrian,Aaliyah,Adams
Brandon,Brianna,Brown
Cameron,Chloe,Carter
Darius,Destiny,Davis
Elijah,Ella,Edwards
Felix,Faith,Fisher
Gabriel,Gabrielle,Gibson
Harrison,Hannah,Harris
Isaiah,Isabella,Irving
Jamal,Jada,Jones
Kai,Kayla,King
Lamar,Laila,Lewis
Malik,Mia,Mitchell
Nathan,Nia,Nelson
Omar,Olivia,Owens
Quincy,Peyton,Parker
Rashad,Quinn,Quinn
Shawn,Reagan,Roberts
Tyrell,Skylar,Smith
Ulysses,Taylor,Thompson
Vance,Unity,Underwood
Winston,Victoria,Vance
Xavier,Willow,Williams
Yusef,Ximena,Xavier
Zane,Yasmine,Young
Amari,Zara,Zimmerman
Bryant,Aisha,Allen
Chase,Bianca,Baker
Darnell,Camille,Collins
Ethan,Dakota,Dixon
Floyd,Eden,Evans
Gerald,Fiona,Franklin
Harvey,Grace,Gordon
Zephaniah,Harmony,Howard
Jalen,Imani,Ingram
Kendrick,Jasmine,Johnson
Lionel,Kai,Kennedy
Marcus,Layla,Lawson
Nigel,Makayla,Moore
Owen,Nyla,Norton
Preston,Olive,Osborne
Quinn,Paris,Porter
Reginald,Quincy,Quinlan
Stephon,Raven,Reed
Tyrone,Sasha,Stewart
Uriah,Tiana,Turner
Vernon,Uma,Vaughn
Wesley,Vanessa,Ward
Xander,Winter,Xander
Yasir,Xenia,Yates
Zaire,Yara,Zane
Andre,Zahara,Barnes
Bryson,Amara,Cooper
Corey,Bria,Daniels
Dante,Carmen,Ellis
Evan,Danica,Fleming
Franklin,Elise,Greene
Gregory,Felicity,Higgins
Ismael,Giselle,Iverson
Jabari,Hazel,Jefferson
Kobe,Indigo,Kim
Leroy,Journey,Lynch
Maurice,Kendall,Matthews
Nolan,Lyric,Nash
Orlando,Morgan,O'Donnell
Phillip,Naima,Spencer
Quinton,Olympia,Travis
Ramon,Phoenix,Underhill
Sterling,Quiana,Vincent
Tobias,Raina,Wheeler
Umar,Savannah,Yoder
Vance,Talia,Ziegler
Wayne,Ursula,Archer
Xavian,Valentina,Chapman
Yasin,Whitney,Daniels
Zayd,Xena,Ellison
Antonio,Yasmin,Fitzgerald
Brent,Zaina,Gill
Cedric,Amina,Hart
Donte,Brielle,Irvine
Ellis,Ciara,Jenkins
Frederick,Diana,Keenan
Giovanni,Eva,Lawrence
Hakeem,Faye,Mitchell
Imani,Gianna,Nolan
Javon,Halle,Olsen
Keenan,Ivy,Peterson
Leland,Janelle,Quinlan
Montell,Kamara,Reynolds
Nelson,Lola,Stevens
Omarion,Maya,Turner
Pierre,Nala,Walsh
Quincy,Oriana,Yates
Raymond,Piper,Abbott
Stefan,Quiana,Brooks
Treyvon,Riley,Cooper
Uriel,Sienna,Dixon
Vernell,Tiffany,Ellis
Wendell,Ursula,Fleming
Xzavier,Zuri,Greene