An,Ai,Wang
Bo,Bai,Li
Chen,Chen,Zhang
Da Wei,Dan,Liu
Enlai,Eileen,Chen
Fang,Fang,Yang
Guang,Grace,Huang
Hong,Hua,Zhao
I Ching,Ivy,Zhu
Jian,Jia,Xu
Kai,Kai,Lin
Lei,Lan,Sun
Min,Mei,Ma
Nianzu,Nan,Gao
Ou Yang,Ou Yang,Hu
Peng,Ping,Wu
Qi,Qian,He
Rui,Rui,Guo
Shi,Shan,Cheng
Tao,Ting,Jiang
Ushi,Ulan,Cao
Vui,Vivian,Yuan
Wei,Wei,Qian
Xiang,Xia,Deng
Yan,Yan,Yao
Zhi,Zhen,Yu
An,An,Xie
Bo,Bao,Shi
Chang,Cai,Tang
Dawei,Dong Mei,Zou
Ethan,Er,Xu
Feng,Fen,Yin
Gang,Guo,Gu
Han,Hai Rong,Fang
Ivan,Iris,Lu
Jun,Jin,Xiao
Kun,Kexin,Pan
Liang,Lian,Cai
Ming,Mei Li,Du
Ning,Ning,Fu
Ouyang,Ou,Gong
Peng,Pei,Han
Qiang,Qing,Jin
Rui,Rong,Kong
Shan,Shu,Lei
Tian,Tian,Mao
Uzi,Ume,Niu
Vijay,Vicky,Ouyang
Wei,Wen,Peng
Xing,Xiaoli,Qiu
Yi,Ying,Ren
Zhao,Zhi,Shen
An,Ai Ling,Tan
Bin,Bing,U
Cheng,Cheng,Vong
Dong,Dian,Wu
Er,Eva,Xia
Feng,Feng,Yi
Gao,Guifen,Zhuang
Hu,Hai,Cui
Ike,Ivy,Duan
Jiang,Jing,E
Kang,Kai,Feng
Li,Li Mei,Gui
Mao,Min,Hong
Nan,Nuo,I
Omar,Ou Yang,Ji
Ping,Pei,Kang
Qiu,Qi,Liang
Rong,Rui,Meng
Shi,Shan,Ning
Tian,Ting,O
Uli,Ulan,Ping
Vic,Vivian,Qin
Wang,Wei,Rao
Xiao,Xia,Shi
Yao,Yan,Tao
Zhen,Zhen,Ulan
Ao,Aijun,Wang
Bai,Bao,Xiang
Chao,Cai,Yi
Deng,Dong Mei,Zeng
Enshi,Er,Chu
Fang,Fen,Dai
Guo,Guo,Fan
Han,Hai Rong,Guan
Ito,Iris,Hao
Jin,Jin,Jiang
Kai,Kexin,Kui
Liwei,Lian,Lang
Ming,Mei Li,Mu
Nan,Ning,Nan
Owen,Ou,Ou
Ping,Pei,Pu
Qing,Qing,Qi
Ren,Rong,Ru
Shan,Shu,Shang
Tian,Tian,Tu
Ushi,Ume,Wu
Wen,Vicky,Xuan