Adrian,Adriana,Alvarez
Bruno,Beatriz,Barrera
Carlos,Carmen,Cruz
Diego,Daniela,Diaz
Emilio,Esmeralda,Esparza
Fernando,Fernanda,Fernandez
Gabriel,Gabriela,Garcia
Hector,Isabella,Hernandez
Ivan,Juliana,Iglesias
Juan,Karla,Jimenez
Luis,Liliana,Lopez
Miguel,Maria,Mendoza
Nacho,Natalia,Nunez
Oscar,Olivia,Ortega
Pablo,Paula,Perez
Quimico,Quetzal,Quezada
Rafael,Rosa,Ramirez
Santiago,Sofia,Santos
Tomas,Teresa,Torres
Uriel,Ursula,Uribe
Vicente,Valentina,Vargas
Walter,Wendy,Zamora
Xavier,Ximena,Aguilar
Yahir,Yasmine,Bautista
Zacarias,Zoe,Cabrera
Alejandro,Alejandra,Delgado
Beto,Bianca,Espinoza
Cesar,Catalina,Flores
David,Dulce,Gutierrez
Eduardo,Elena,Herrera
Francisco,Fabiola,Ibarra
Gustavo,Gloria,Juarez
Hugo,Hilda,Kane
Ignacio,Inez,Lara
Javier,Jocelyn,Martinez
Kiko,Karina,Nieto
Lorenzo,Luz,Orozco
Mario,Mariana,Pacheco
Nacho,Noemi,Quintero
Omar,Oriana,Reyes
Pedro,Paloma,Salazar
Quique,Querida,Tovar
Ricardo,Reina,Umana
Santos,Sara,Valdez
Tito,Tatiana,Wong
Ulises,Urbana,Ximenez
Vidal,Victoria,Ybarra
Wenceslao,Willa,Zavala
Ximeno,Xochitl,Arroyo
Yadiel,Yara,Baez
Zefirino,Zara,Cardenas
Andres,Anahi,Dominguez
Braulio,Brisa,Estrada
Cruz,Consuelo,Fajardo
Dante,Diana,Gutierrez
Ernesto,Eva,Herrera
Fidel,Frida,Ibanez
Gilberto,Guadalupe,Jara
Horacio,Isadora,Kanon
Isidro,Juana,Ledesma
Jos√©,Kiana,Mata
Keven,Leticia,Navarro
Leonardo,Marisol,Ortiz
Mateo,Nina,Palacios
Noel,Ofelia,Quinones
Orlando,Patricia,Ramos
Paco,Quinta,Sandoval
Quintin,Rocio,Tellez
Ramon,Sonia,Urquiza
Salvador,Tania,Vasquez
Teo,Uma,Zarate
Ubaldo,Viviana,Aragon
Vitico,Winnie,Barrios
Wilmer,Xenia,Cisneros
Xose,Yadira,Duran
Yandel,Zaida,Echeverria
Zenon,Amelia,Fuentes
Angel,Belen,Guzman
Bolivar,Clarissa,Izaguirre
Clemente,Dalia,Jurado
Delfino,Eloisa,Llamas
Ezequiel,Flor,Montoya
Felix,Graciela,Nava
Gerardo,Iliana,Olivares
Homero,Jacinta,Peralta
Isauro,Kenia,Quevedo
Jairo,Lourdes,Rico
Kael,Margarita,Saavedra
Leandro,Natalie,Trevino
Maximo,Olympia,Ulloa
Nestor,Perla,Villa
Octavio,Quiana,Zaragoza
Pascual,Raquel,Aguirre
Quintana,Selena,Barrera
Rodrigo,Teresa,Cantu
Sebastian,Ursula,Davila
Tadeo,Violeta,Escamilla
Uziel,Wendolyn,Fuentes
Valentin,Xaviera,Gomez
Ysmael,Yolanda,Hidalgo