Alexander,Abigail,Anderson
Benjamin,Bella,Brown
Caleb,Charlotte,Clark
Daniel,Daisy,Davis
Ethan,Emily,Evans
Finn,Faith,Ford
Gabriel,Grace,Graham
Henry,Hannah,Hill
Isaac,Isabella,Irwin
Jacob,Julia,Jones
Kevin,Katherine,Kennedy
Liam,Lily,Lewis
Mason,Mia,Miller
Nathan,Natalie,Nelson
Oliver,Olivia,O'Connor
Patrick,Penelope,Parker
Quinn,Quinn,Quinn
Ryan,Rachel,Reed
Samuel,Sophia,Smith
Tyler,Taylor,Taylor
Victor,Victoria,Upton
William,Willow,Vance
Xavier,Ximena,Wells
Yale,Yasmine,Williams
Zachary,Zoe,Xavier
Aaron,Ava,Young
Bryce,Brooklyn,Zimmerman
Connor,Chloe,Adams
Dylan,Danielle,Baker
Evan,Ella,Carter
Felix,Fiona,Duncan
Gavin,Gabriella,Edwards
Harrison,Harper,Fisher
Ian,Isabelle,Gibson
Jack,Jasmine,Harrison
Kyle,Kennedy,Ingram
Luke,Lillian,Johnson
Michael,Madison,Keller
Noah,Nora,Lawson
Owen,Olivia,Morgan
Parker,Paige,Norton
Quentin,Quincy,Osborne
Riley,Rebecca,Page
Sebastian,Sarah,Quinlan
Tristan,Tiffany,Roberts
Ulysses,Ursula,Sullivan
Vincent,Violet,Thompson
Wyatt,Willa,Underwood
Xander,Xena,Vaughn
Yannick,Yara,Ward
Zane,Zara,Xander
Adam,Amelia,Yates
Brendan,Brianna,Zane
Cole,Catherine,Abbott
Derek,Dakota,Brooks
Elijah,Emma,Cooper
Floyd,Felicity,Dixon
Grant,Gabrielle,Ellis
Hudson,Heather,Fleming
Ivan,Ivy,Greene
Jordan,Jocelyn,Higgins
Keith,Kayla,Iverson
Logan,Layla,Jefferson
Miles,Mackenzie,Kim
Nolan,Nina,Lynch
Oscar,Olive,Matthews
Paul,Peyton,Nash
Quincy,Quinlan,O'Donnell
Rory,Rose,Porter
Seth,Sophie,Quigley
Trevor,Tessa,Richards
Uriel,Uma,Spencer
Vance,Vivian,Travis
Wesley,Wren,Underhill
Xavier,Xyla,Vincent
Yosef,Yvonne,Wheeler
Zachariah,Zara,Yoder
Aaron,Aria,Ziegler
Brock,Bridget,Archer
Cameron,Cara,Barnes
Dustin,Delilah,Chapman
Ezra,Eva,Daniels
Graham,Gianna,Ellison
Heath,Holly,Fitzgerald
Ira,Isla,Gill
Jared,Jane,Hart
Kai,Kylie,Irvine
Leo,Leah,Jenkins
Max,Megan,Keenan
Nathanial,Nadia,Lawrence
Owen,Ophelia,Mitchell
Preston,Poppy,Nolan
Quentin,Quincy,Olsen
Ronan,Riley,Peterson
Silas,Savannah,Quinlan
Theo,Tara,Reynolds
Ulysses,Ursula,Stevens
Vincent,Vera,Turner
Winston,Wendy,Walsh
Xander,Xandra,Yates